{
  "version": "1.0.0",
  "created_at": "2026-04-09T01:21:10.990117",
  "run_id": "20260409_012008",
  "model_type": "xgboost_calibrated",
  "model_params": {
    "n_estimators": 200,
    "max_depth": 5,
    "learning_rate": 0.05,
    "min_child_weight": 5,
    "subsample": 0.8,
    "colsample_bytree": 0.8,
    "reg_alpha": 0.1,
    "reg_lambda": 1.0,
    "objective": "binary:logistic",
    "eval_metric": "auc",
    "use_label_encoder": false,
    "n_jobs": -1,
    "scale_pos_weight": 0.048531476041083384
  },
  "calibration_method": "isotonic",
  "training_period": {},
  "training_row_count": 136696,
  "feature_count": 26,
  "feature_names": [
    "年齡_scaled",
    "申辦期數_scaled",
    "原申辦金額_log_scaled",
    "車齡_log_scaled",
    "內部往來次數_log_scaled",
    "近半年同業查詢次數_log_scaled",
    "所留市內電話數_log_scaled",
    "教育程度_序位",
    "月所得_序位",
    "年齡組_序位",
    "性別_二元",
    "婚姻狀況_二元",
    "動產設定",
    "車齡_是否缺失",
    "車齡_異常旗標",
    "教育程度_是否缺失",
    "月所得_是否缺失",
    "內部往來次數_是否特殊值",
    "近半年同業查詢次數_是否缺失",
    "負債月所得比_scaled",
    "年齡_婚姻交互_scaled",
    "車齡_金額交互_scaled",
    "教育_所得交互_scaled",
    "居住地_頻率_scaled",
    "職業說明_頻率_scaled",
    "廠牌車型_頻率_scaled"
  ],
  "positive_ratio": 0.9537148124305027,
  "scale_pos_weight": 0.048531476041083384,
  "metrics": {
    "auc_roc": 0.9049981838822906,
    "auc_pr": 0.9942047919824273,
    "brier_score": 0.030912427647335945,
    "log_loss": 0.1177464638534185,
    "f1": 0.9806811963392773,
    "precision": 0.9652467200570554,
    "recall": 0.9966172939886015,
    "precision_reject": 0.7889952153110048,
    "recall_reject": 0.2606290501027343,
    "f1_reject": 0.3918260662944042,
    "true_negative": 1649,
    "false_positive": 4678,
    "false_negative": 441,
    "true_positive": 129928,
    "ks_statistic": 0.6422360327498415
  },
  "cv_metrics": {
    "auc_roc": [
      0.8884937068770485,
      0.8860576055804686,
      0.8922809844040723,
      0.898694503118367,
      0.8874173551728531
    ],
    "auc_pr": [
      0.9930540140321278,
      0.9924928739117391,
      0.9930312040859337,
      0.9935685267926074,
      0.9928370341815631
    ],
    "brier_score": [
      0.12239835995904629,
      0.12395445929559133,
      0.12174912351265357,
      0.12497504275101999,
      0.12337131922550956
    ],
    "f1": [
      0.9048538849772572,
      0.9028243178554333,
      0.9051425249652252,
      0.8998578951767952,
      0.9055632794505198
    ],
    "f1_reject": [
      0.2987907546303383,
      0.29588297391042073,
      0.29826447550299495,
      0.29797831819513626,
      0.29844303992600585
    ],
    "precision_reject": [
      0.1853047275488893,
      0.18281774133432724,
      0.18509340449866565,
      0.18288077683869808,
      0.1854050948094235
    ],
    "recall_reject": [
      0.7709320695102686,
      0.775494071146245,
      0.7675889328063241,
      0.8039525691699605,
      0.764612954186414
    ],
    "ks_statistic": [
      0.6181578714900755,
      0.6125438968020783,
      0.6152336266406254,
      0.6400809068504023,
      0.6087547122070497
    ]
  },
  "calibration_stats": {
    "expected_calibration_error": 0.016400103825246287,
    "prob_true_bins": [
      0.018465909090909092,
      0.14035087719298245,
      0.2607361963190184,
      0.33248730964467005,
      0.410958904109589,
      0.5,
      0.6531190926275993,
      0.7445324881141046,
      0.8553801247180576,
      0.9826607560564671
    ],
    "prob_pred_bins": [
      0.021382372479803784,
      0.15791744609902605,
      0.2474885801504726,
      0.35319725315885486,
      0.45044125253887507,
      0.5517410491987804,
      0.6572193168681154,
      0.7530494934934434,
      0.8600299974453951,
      0.9815908097569321
    ]
  }
}