{
  "run_id": "20260409_012008",
  "created_at": "2026-04-09T01:21:10.990117",
  "model_type": "xgboost_calibrated",
  "training_row_count": 136696,
  "feature_count": 26,
  "positive_ratio": 0.9537148124305027,
  "scale_pos_weight": 0.048531476041083384,
  "metrics": {
    "auc_roc": 0.9049981838822906,
    "auc_pr": 0.9942047919824273,
    "brier_score": 0.030912427647335945,
    "log_loss": 0.1177464638534185,
    "f1": 0.9806811963392773,
    "precision": 0.9652467200570554,
    "recall": 0.9966172939886015,
    "precision_reject": 0.7889952153110048,
    "recall_reject": 0.2606290501027343,
    "f1_reject": 0.3918260662944042,
    "true_negative": 1649,
    "false_positive": 4678,
    "false_negative": 441,
    "true_positive": 129928,
    "ks_statistic": 0.6422360327498415
  },
  "cv_metrics_summary": {
    "auc_roc": {
      "mean": 0.8905888310305619,
      "std": 0.004550716678694515
    },
    "auc_pr": {
      "mean": 0.9929967306007942,
      "std": 0.000349512576905582
    },
    "brier_score": {
      "mean": 0.12328966094876415,
      "std": 0.0011363810788472789
    },
    "f1": {
      "mean": 0.903648380485046,
      "std": 0.0021165729350038362
    },
    "f1_reject": {
      "mean": 0.2978719124329792,
      "std": 0.0010287625570184825
    },
    "precision_reject": {
      "mean": 0.18430034900600073,
      "std": 0.0011892423813778764
    },
    "recall_reject": {
      "mean": 0.7765161193638426,
      "std": 0.014187071398733493
    },
    "ks_statistic": {
      "mean": 0.6189542027980462,
      "std": 0.011008506582537256
    }
  },
  "calibration_stats": {
    "expected_calibration_error": 0.016400103825246287,
    "prob_true_bins": [
      0.018465909090909092,
      0.14035087719298245,
      0.2607361963190184,
      0.33248730964467005,
      0.410958904109589,
      0.5,
      0.6531190926275993,
      0.7445324881141046,
      0.8553801247180576,
      0.9826607560564671
    ],
    "prob_pred_bins": [
      0.021382372479803784,
      0.15791744609902605,
      0.2474885801504726,
      0.35319725315885486,
      0.45044125253887507,
      0.5517410491987804,
      0.6572193168681154,
      0.7530494934934434,
      0.8600299974453951,
      0.9815908097569321
    ]
  }
}