{
  "version": "1.0.0",
  "created_at": "2026-04-08T00:45:39.799414",
  "run_id": "20260408_004330",
  "model_type": "xgboost_calibrated",
  "model_params": {
    "n_estimators": 200,
    "max_depth": 5,
    "learning_rate": 0.05,
    "min_child_weight": 5,
    "subsample": 0.8,
    "colsample_bytree": 0.8,
    "reg_alpha": 0.1,
    "reg_lambda": 1.0,
    "objective": "binary:logistic",
    "eval_metric": "auc",
    "use_label_encoder": false,
    "n_jobs": -1,
    "scale_pos_weight": 0.048531476041083384
  },
  "calibration_method": "isotonic",
  "training_period": {},
  "training_row_count": 136696,
  "feature_count": 26,
  "feature_names": [
    "年齡_scaled",
    "申辦期數_scaled",
    "原申辦金額_log_scaled",
    "車齡_log_scaled",
    "內部往來次數_log_scaled",
    "近半年同業查詢次數_log_scaled",
    "所留市內電話數_log_scaled",
    "教育程度_序位",
    "月所得_序位",
    "年齡組_序位",
    "性別_二元",
    "婚姻狀況_二元",
    "動產設定",
    "車齡_是否缺失",
    "車齡_異常旗標",
    "教育程度_是否缺失",
    "月所得_是否缺失",
    "內部往來次數_是否特殊值",
    "近半年同業查詢次數_是否缺失",
    "負債月所得比_scaled",
    "年齡_婚姻交互_scaled",
    "車齡_金額交互_scaled",
    "教育_所得交互_scaled",
    "居住地_頻率_scaled",
    "職業說明_頻率_scaled",
    "廠牌車型_頻率_scaled"
  ],
  "positive_ratio": 0.9537148124305027,
  "scale_pos_weight": 0.048531476041083384,
  "metrics": {
    "auc_roc": 0.9046851267557998,
    "auc_pr": 0.9942102248759666,
    "brier_score": 0.030922379606906397,
    "log_loss": 0.11783041603508425,
    "f1": 0.9807370057819176,
    "precision": 0.9653404658419703,
    "recall": 0.9966326350589481
  },
  "cv_metrics": {
    "auc_roc": [
      0.8894463061203495,
      0.8952209445842949,
      0.8864837263113406,
      0.8961359293297488,
      0.8854391022314368
    ],
    "auc_pr": [
      0.9929251004280342,
      0.99359072436945,
      0.9923854368726148,
      0.9934633220807737,
      0.9924342078158936
    ],
    "brier_score": [
      0.12339593428141335,
      0.12364299063275497,
      0.12029789883096825,
      0.12551757215174034,
      0.12158043181518587
    ],
    "f1": [
      0.903369384359401,
      0.9044578037567865,
      0.9060459717702655,
      0.9006993006993007,
      0.9054763535246633
    ]
  },
  "calibration_stats": {
    "expected_calibration_error": 0.014099293696843975,
    "prob_true_bins": [
      0.014970059880239521,
      0.16293929712460065,
      0.23076923076923078,
      0.33890214797136037,
      0.39909297052154197,
      0.5265866209262435,
      0.6527531083481349,
      0.7380871916187901,
      0.8553870292887029,
      0.9826871335225181
    ],
    "prob_pred_bins": [
      0.014904298840723626,
      0.15916721503765066,
      0.25319333941317523,
      0.35743402495162335,
      0.44812500309917097,
      0.5505840543101623,
      0.6580385401130358,
      0.7531002754736437,
      0.8572568960066986,
      0.9816858736040496
    ]
  }
}