{
  "run_id": "20260408_004330",
  "created_at": "2026-04-08T00:45:39.799414",
  "model_type": "xgboost_calibrated",
  "training_row_count": 136696,
  "feature_count": 26,
  "positive_ratio": 0.9537148124305027,
  "scale_pos_weight": 0.048531476041083384,
  "metrics": {
    "auc_roc": 0.9046851267557998,
    "auc_pr": 0.9942102248759666,
    "brier_score": 0.030922379606906397,
    "log_loss": 0.11783041603508425,
    "f1": 0.9807370057819176,
    "precision": 0.9653404658419703,
    "recall": 0.9966326350589481
  },
  "cv_metrics_summary": {
    "auc_roc": {
      "mean": 0.890545201715434,
      "std": 0.004402140673822079
    },
    "auc_pr": {
      "mean": 0.9929597583133531,
      "std": 0.000501785660116269
    },
    "brier_score": {
      "mean": 0.12288696554241255,
      "std": 0.0017978326431698918
    },
    "f1": {
      "mean": 0.9040097628220833,
      "std": 0.0018903449362783773
    }
  },
  "calibration_stats": {
    "expected_calibration_error": 0.014099293696843975,
    "prob_true_bins": [
      0.014970059880239521,
      0.16293929712460065,
      0.23076923076923078,
      0.33890214797136037,
      0.39909297052154197,
      0.5265866209262435,
      0.6527531083481349,
      0.7380871916187901,
      0.8553870292887029,
      0.9826871335225181
    ],
    "prob_pred_bins": [
      0.014904298840723626,
      0.15916721503765066,
      0.25319333941317523,
      0.35743402495162335,
      0.44812500309917097,
      0.5505840543101623,
      0.6580385401130358,
      0.7531002754736437,
      0.8572568960066986,
      0.9816858736040496
    ]
  }
}